tender_id,ref_no,title,department,org_chain,location,pincode,estimated_value_inr,emd_amount_inr,tender_fee_inr,published_date,closing_date,opening_date,submission_start,submission_end,corrigendum_count,status,is_mantripukhri_venue,source
2026_PHED_3499_1,CE/PHE/SA/2-474/IE/2026,Construction of Water Supply Schemes at various locations in Keirao area to cover unserved and left out areas.,Chief Engineer - Public Health Engineering Department,Chief Engineer - Public Health Engineering Department||Addl. Chief Engineer - PHED||Superintending Engineer - PHED||Executive Engineer - PHED,1143.56,795001,157840000.0,2578000.0,10000.0,29-Sep-2026 06:20 PM,20-Oct-2026 12:00 PM,20-Oct-2026 01:00 PM,30-Sep-2026 11:00 AM,20-Oct-2026 12:00 PM,0,ACTIVE,False,LIVE_PORTAL
2026_PHED_3497_1,CE/PHE/SA/2-474/SPT/2026,Construction works for a composite Water Supply Scheme at Song Song and Tadubi Blocks. ,Chief Engineer - Public Health Engineering Department,Chief Engineer - Public Health Engineering Department||Addl. Chief Engineer - PHED||Superintending Engineer - PHED||Executive Engineer - PHED,Senapati,795106,800600000.0,9006000.0,50000.0,29-Sep-2026 11:20 AM,20-Oct-2026 12:00 PM,20-Oct-2026 01:00 PM,30-Sep-2026 11:00 AM,20-Oct-2026 12:00 PM,0,ACTIVE,False,LIVE_PORTAL
2026_PHED_3495_1,CE/PHE/SA/2-474/MEV/2026,Infrastructure for operationalization of the Waithoupat WTP Khongjom Main Supply Lines and its ancillaries. ,Chief Engineer - Public Health Engineering Department,Chief Engineer - Public Health Engineering Department||Addl. Chief Engineer - PHED||Superintending Engineer - PHED||Executive Engineer - PHED,Imphal,795001,100769000.0,2008000.0,10000.0,29-Sep-2026 10:15 AM,20-Oct-2026 12:00 PM,20-Oct-2026 01:00 PM,30-Sep-2026 11:00 AM,20-Oct-2026 12:00 PM,0,ACTIVE,False,LIVE_PORTAL
2026_PHED_3481_1,CE/PHE/SA/2-474/M-I(G)/2026,CONSTRUCTION OF 2.5 MLD WATER TREATMENT PLANT (WTP) AT GOLAPATI,Chief Engineer - Public Health Engineering Department,Chief Engineer - Public Health Engineering Department||Addl. Chief Engineer - PHED||Superintending Engineer - PHED||Executive Engineer - PHED,Imphal,795001,545254000.0,6453000.0,50000.0,16-Sep-2026 06:15 PM,07-Oct-2026 12:00 PM,07-Oct-2026 01:00 PM,17-Sep-2026 11:00 AM,07-Oct-2026 12:00 PM,0,ACTIVE,False,LIVE_PORTAL
2026_PHED_3480_1,CE/PHE/SA/2-474/M-I(CP)/2026,IMPROVEMENT OF IMPHAL PLANNING AREA WATER SUPPLY SYSTEM AT CHINGA WTP AND SINGJAMEI CHANAM PUKHRI MAPAL,Chief Engineer - Public Health Engineering Department,Chief Engineer - Public Health Engineering Department||Addl. Chief Engineer - PHED||Superintending Engineer - PHED||Executive Engineer - PHED,Imphal,795001,184459000.0,2845000.0,20000.0,16-Sep-2026 06:00 PM,07-Oct-2026 12:00 PM,07-Oct-2026 01:00 PM,17-Sep-2026 11:00 AM,07-Oct-2026 12:00 PM,1,ACTIVE,False,LIVE_PORTAL
2026_DFE_3500_1,42/8/2025(SWM-SASCI)/DoECC,"Design, Supply, Construction, Installation of 10 TDP capacity solid waste management plant of 10 Nos in 10 Hill Districts.",Department of Forest and Environment,Department of Forest and Environment||Directorate of Environment,As Per Tender Document,795005,500000000.0,5000000.0,20000.0,30-Sep-2026 09:00 AM,20-Oct-2026 12:30 PM,20-Oct-2026 04:00 PM,30-Sep-2026 09:00 AM,20-Oct-2026 12:30 PM,0,ACTIVE,False,LIVE_PORTAL
2026_TAH_3492_1,04/MTDC-II/AAI-D/NIT/2026,"Construction of Electrical and Mechanical Workshop at Dimapur Airport, Nagaland",Directorate of Tribal Affairs and Hills,Directorate of Tribal Affairs and Hills||Manipur Tribal Development Corporation Ltd. - TAH||Imphal-MTDC - TAH,Dimapur,797112,66000000.0,1320000.0,10000.0,28-Sep-2026 09:00 AM,19-Oct-2026 02:00 PM,19-Oct-2026 03:00 PM,05-Oct-2026 04:00 PM,19-Oct-2026 02:00 PM,0,ACTIVE,False,LIVE_PORTAL
2026_TAH_3490_1,108/MTDC-I/OS/NIT/2026/02,"Construction of School Bulding, Teachers Quarter and Rain Water Harvesting Structures at Oja Shankar Kane Vidyalaya Kharasom, Chingai Subdivision, Ukhrul District, Manipur",Directorate of Tribal Affairs and Hills,Directorate of Tribal Affairs and Hills||Manipur Tribal Development Corporation Ltd. - TAH||Imphal-MTDC - TAH,Ukhrul,795142,38250000.0,765000.0,10000.0,25-Sep-2026 11:00 AM,19-Oct-2026 02:00 PM,19-Oct-2026 03:00 PM,05-Oct-2026 04:00 PM,19-Oct-2026 02:00 PM,1,ACTIVE,False,LIVE_PORTAL
2026_TAH_3489_1,108/MTDC-I/OS/NIT/2026/01,"Construction of School Bulding, Teachers Quarter and Rain Water Harvesting Structures at Pou Shankar Kane Vidyalaya Tamenglong, Tamenglong District, Manipur",Directorate of Tribal Affairs and Hills,Directorate of Tribal Affairs and Hills||Manipur Tribal Development Corporation Ltd. - TAH||Imphal-MTDC - TAH,Tamenglong,795141,38250000.0,765000.0,10000.0,25-Sep-2026 11:00 AM,19-Oct-2026 02:00 PM,19-Oct-2026 03:00 PM,05-Oct-2026 04:00 PM,19-Oct-2026 02:00 PM,1,ACTIVE,False,LIVE_PORTAL
2026_TAH_3488_1,108/MTDC-I/OS/NIT/2026,"Construction of School Bulding, Teachers Quarter and Rain Water Harvesting Structures at Pu Shankar Kane Vidyalaya Ngalaimou, Churachandpur, Churachandpur District, Manipur",Directorate of Tribal Affairs and Hills,Directorate of Tribal Affairs and Hills||Manipur Tribal Development Corporation Ltd. - TAH||Imphal-MTDC - TAH,Churachandpur,795128,38250000.0,765000.0,10000.0,25-Sep-2026 11:00 AM,19-Oct-2026 02:00 PM,19-Oct-2026 03:00 PM,05-Oct-2026 04:00 PM,19-Oct-2026 02:00 PM,1,ACTIVE,False,LIVE_PORTAL
2026_FDM_3484_8,No. 3/13/2021/COB/COSFOM,"Construction of Multipurpose Hall with 1 Room annexe with Toilet Facility at Manipur Zoological Garden Qtr., Complex Facility, Iroisemba, Imphal-West, Manipur Covering a Plinth Area of 436.24 Sq.mt.",Forest Department,Forest Department||Community Forestry and Water Conservation Society-Manipur.,As Per Tender Document,795001,10800000.0,108000.0,0.0,19-Sep-2026 09:00 AM,09-Oct-2026 12:30 PM,09-Oct-2026 02:00 PM,19-Sep-2026 09:00 AM,09-Oct-2026 12:30 PM,0,ACTIVE,False,LIVE_PORTAL
2026_FDM_3484_2,No. 3/13/2021/COB/COSFOM,"Construction of 3 Rooms Barrack type Staff Quarters with Toilet/Kitchen Facility at DFO Office Kangpokpi, Kangpokpi District and Plinth Area is 2175.00 Sqft.",Forest Department,Forest Department||Community Forestry and Water Conservation Society-Manipur.,As Per Tender Document,795001,11458584.0,114586.0,0.0,18-Sep-2026 06:55 PM,09-Oct-2026 12:30 PM,09-Oct-2026 02:00 PM,18-Sep-2026 06:55 PM,09-Oct-2026 12:30 PM,0,ACTIVE,False,LIVE_PORTAL
2026_FDM_3484_3,No. 3/13/2021/COB/COSFOM,Construction of 3 Rooms Barrack type Staff Quarters with Toilet/Kitchen Facility at Manipur Zoological garden Qtr. Complex and Plinth Area is 2175.00 Sqft.,Forest Department,Forest Department||Community Forestry and Water Conservation Society-Manipur.,As Per Tender Document,795001,11458584.0,114586.0,0.0,18-Sep-2026 06:55 PM,09-Oct-2026 12:30 PM,09-Oct-2026 02:00 PM,18-Sep-2026 06:55 PM,09-Oct-2026 12:30 PM,0,ACTIVE,False,LIVE_PORTAL
2026_FDM_3484_4,No. 3/13/2021/COB/COSFOM,"Proposed Construction of 4 Rooms Barrack type Staff Quarters with toilet/kitchen facility and 1 computer room at Forest Office Complex, Mantripukhri and Plinth area is 2719.95 Sqft.",Forest Department,Forest Department||Community Forestry and Water Conservation Society-Manipur.,As Per Tender Document,795001,11695644.0,116956.0,0.0,18-Sep-2026 06:55 PM,09-Oct-2026 12:30 PM,09-Oct-2026 02:00 PM,18-Sep-2026 06:55 PM,09-Oct-2026 12:30 PM,0,ACTIVE,True,LIVE_PORTAL
2026_FDM_3484_1,No. 3/13/2021/COB/COSFOM,"Construction of 3 Rooms Barrack type Staff Quarters with Toilet/Kitchen Facility at Forest Office Complex, Mantripukhri and Plinth Area is 2175.00 Sqft.",Forest Department,Forest Department||Community Forestry and Water Conservation Society-Manipur.,As Per Tender Document,795002,11458584.0,114586.0,0.0,18-Sep-2026 06:55 PM,09-Oct-2026 12:30 PM,09-Oct-2026 02:00 PM,18-Sep-2026 06:55 PM,09-Oct-2026 12:30 PM,0,ACTIVE,True,LIVE_PORTAL
2026_FDM_3484_6,No. 3/13/2021/COB/COSFOM,Proposed Construction of 4 Rooms Barrack type Staff Quarters with toilet/kitchen facility and 1 computer room at Manipur Zoological Garden Qtr Complex and Plinth area is 2719.95 Sqft.,Forest Department,Forest Department||Community Forestry and Water Conservation Society-Manipur.,As Per Tender Document,795001,11695644.0,116956.0,0.0,18-Sep-2026 06:55 PM,09-Oct-2026 12:30 PM,09-Oct-2026 02:00 PM,18-Sep-2026 06:55 PM,09-Oct-2026 12:30 PM,0,ACTIVE,False,LIVE_PORTAL
2026_FDM_3484_5,No. 3/13/2021/COB/COSFOM,"Proposed Construction of 4 Rooms Barrack type Staff Quarters with toilet/kitchen facility and 1 computer room at DFO Office Complex Kangpokpi, Kangpokpi District and Plinth area is 2719.95 Sqft.",Forest Department,Forest Department||Community Forestry and Water Conservation Society-Manipur.,As Per Tender Document,795001,11695644.0,116956.0,0.0,18-Sep-2026 06:55 PM,09-Oct-2026 12:30 PM,09-Oct-2026 02:00 PM,18-Sep-2026 06:55 PM,09-Oct-2026 12:30 PM,0,ACTIVE,False,LIVE_PORTAL
2026_FDM_3484_7,No. 3/13/2021/COB/COSFOM,"Proposed Construction of Multipurpose Hall with 1 Room annexe with Toilet Facility at Forest Office Complex, Mantripukhri, Imphal East District, Manipur Covering a Plinth Area of 436.24 Sqm. ",Forest Department,Forest Department||Community Forestry and Water Conservation Society-Manipur.,As Per Tender Document,795001,10800000.0,108000.0,0.0,18-Sep-2026 06:50 PM,09-Oct-2026 12:30 PM,09-Oct-2026 02:00 PM,18-Sep-2026 06:55 PM,09-Oct-2026 12:30 PM,0,ACTIVE,True,LIVE_PORTAL
2026_MANID_3496_1,No. MANIDCO/IDC/MFICL/TN/25-26/10,"CIVIL WORKS FOR MANIPUR FOOD INDUSTRIES CORPORATION LIMITED (MFICL), MANIPUR.",Manipur Industrial Development Cooperation,Manipur Industrial Development Cooperation||Imphal West - MANIDCO,As Per Tender Document,795001,0.0,0.0,0.0,29-Sep-2026 11:00 AM,05-Oct-2026 04:00 PM,05-Oct-2026 04:30 PM,29-Sep-2026 06:55 PM,05-Oct-2026 04:00 PM,0,ACTIVE,False,LIVE_PORTAL
2026_MPHCL_3483_1,04/EPC TENDER/MPHC/2026-27,Construction of Residential Quarters Block 1 for IT SEZ Manipur at Mantripukhri under Special Assistance to States for Capital Investment (SASCI) for the Financial Year 2026-27,Manipur Police Housing Corporation Ltd,Manipur Police Housing Corporation Ltd||Executive Engineer - MPHCL,As per EPC Documents,795001,497032881.0,5970329.0,25000.0,18-Sep-2026 03:00 PM,07-Oct-2026 01:00 PM,07-Oct-2026 03:00 PM,18-Sep-2026 03:05 PM,07-Oct-2026 01:00 PM,0,ACTIVE,True,LIVE_PORTAL
2026_MSPCL_3479_1,4/132KV/IRS/2026-27/MSPCL,Construction of 132KV dedicated transmission line to traction Sub-Station of Imphal Railway Station on turnkey basis.,Manipur State Power Company Ltd,Manipur State Power Company Ltd||Managing Director - MSPCL||General Manager - MSPCL,As Per Tender Document,795001,243000000.0,3430000.0,30000.0,15-Sep-2026 05:00 PM,08-Oct-2026 04:30 PM,12-Oct-2026 02:00 PM,15-Sep-2026 05:00 PM,08-Oct-2026 04:30 PM,0,ACTIVE,False,LIVE_PORTAL
2026_MSPDC_3473_1,2/57(RDSS-INFRA-P4-RT)/2026,"Development of Distribution Infrastructure at Churachandpur, Pherzawl, Tamenglong, Noney and Jiribam Districts of Manipur under the Revamped Reforms-based and Results-linked, Distribution Sector Scheme",Manipur State Power Distribution Company Limited,Manipur State Power Distribution Company Limited||Managing Director - MSPDCL,As per NIT,795001,540000000.0,10800000.0,25000.0,11-Sep-2026 06:55 PM,05-Oct-2026 11:00 AM,05-Oct-2026 02:00 PM,28-Sep-2026 09:00 AM,05-Oct-2026 11:00 AM,0,ACTIVE,False,LIVE_PORTAL
2026_MED_3493_1,1/PROC/MCH-WING/DHS-2025,"RATE CONTRACT FOR SUPPLY OF MEDICAL EQUIPMENT AND NON-MEDICAL ITEMS UNDER NESIDS AND PM-DevINE PROJECTS UNDER THE DIRECTORATE OF HEALTH SERVICES, MANIPUR",Medical Directorate,Medical Directorate||Director - MED,Imphal,795004,100000000.0,2000000.0,10000.0,28-Sep-2026 06:30 PM,21-Oct-2026 03:00 PM,22-Oct-2026 11:30 AM,28-Sep-2026 06:55 PM,21-Oct-2026 03:00 PM,0,ACTIVE,False,LIVE_PORTAL
2026_MoIT_3504_1,CCML-7/4/2026-CCML-CCML,"Empanelment of Consulting Agencies for DPDPA Gap Assessment, Compliance Framework Development and Implementation Support for CCML, the Department of IT and other departments/agencies of the Government of Manipur routed through CCML/DIT",Ministry of Information Technology,Ministry of Information Technology||Cyber Corporation Manipur Limited (CCML),"IT SEZ Building 1, Mantripukhri, Imphal",795002,10000000.0,200000.0,5000.0,01-Oct-2026 05:40 PM,22-Oct-2026 01:00 PM,22-Oct-2026 03:00 PM,01-Oct-2026 05:40 PM,22-Oct-2026 01:00 PM,0,ACTIVE,False,LIVE_PORTAL
2026_MoIT_3502_1,CCML-3/9/2026-CCML-CCML,"Selection of a Private Partner for Establishment Operation and Management of an IT/ITeS CoWorking Space at IT SEZ Building 1, Imphal, Manipur on Public Private Partnership PPP Mode",Ministry of Information Technology,Ministry of Information Technology||Cyber Corporation Manipur Limited (CCML),"IT SEZ Building 1, Imphal, Manipur",795002,0.0,0.0,5000.0,30-Sep-2026 05:55 PM,21-Oct-2026 01:00 PM,21-Oct-2026 03:00 PM,30-Sep-2026 05:55 PM,21-Oct-2026 01:00 PM,1,ACTIVE,True,LIVE_PORTAL
2026_MoIT_3501_1,ITPS-404/2/2026-e-MSITS,"SELECTION OF SYSTEM INTEGRATOR FOR DESIGN, SUPPLY, INSTALLATION, TESTING, COMMISSIONING, INTEGRATION, OPERATION AND MAINTENANCE OF INTEGRATED ICT INFRASTRUCTURE FOR IT SEZ BUILDING-II, MANTRIPUKHRI, MANIPUR.",Ministry of Information Technology,Ministry of Information Technology||Department of Information Technology - MoIT,As Per Tender Document,795002,15000000.0,300000.0,20000.0,30-Sep-2026 02:40 PM,21-Oct-2026 01:00 PM,21-Oct-2026 02:00 PM,30-Sep-2026 02:40 PM,21-Oct-2026 01:00 PM,2,ACTIVE,True,LIVE_PORTAL
2026_MoIT_3498_1,CCML-3/8/2026-CCML-CCML-Part (1),"Allotment of Office Space to IT and ITeS Companies at Manipur IT SEZ Building 2, Mantripukhri, Imphal",Ministry of Information Technology,Ministry of Information Technology||Cyber Corporation Manipur Limited (CCML),EOI,795002,0.0,0.0,0.0,29-Sep-2026 06:00 PM,12-Oct-2026 03:00 PM,12-Oct-2026 03:30 PM,29-Sep-2026 06:00 PM,12-Oct-2026 03:00 PM,0,ACTIVE,True,LIVE_PORTAL
2026_MoIT_3485_1, IT-701/2/2026-DITC-DIT,"Selection of Private Partner for Operation, Maintenance and Management of Innovation Hub, Manipur (IHM) on PPP Mode.",Ministry of Information Technology,Ministry of Information Technology||Department of Information Technology - MoIT,As Per Tender Document,795002,0.0,0.0,0.0,19-Sep-2026 09:00 AM,05-Oct-2026 05:00 PM,05-Oct-2026 05:30 PM,19-Sep-2026 09:00 AM,05-Oct-2026 05:00 PM,0,ACTIVE,False,LIVE_PORTAL
2026_NHM_3491_1,SHS-PROC0DnS(6.3)/9/2022-MH,Selection of Vendor for Procurement and Supply of Normal Delivery Kits and Caesarean Section (CS) Kits for JSSK Program under NHM Manipur,National Health Mission - Manipur,National Health Mission - Manipur||Mission Director - NHM||State Programme Management Unit (SPMU) - NHM||Block Programme Management Unit(BPMU) - NHM,Imphal,795004,37500000.0,750000.0,10000.0,28-Sep-2026 04:00 PM,20-Oct-2026 05:00 PM,21-Oct-2026 11:00 AM,28-Sep-2026 04:00 PM,20-Oct-2026 05:00 PM,1,ACTIVE,False,LIVE_PORTAL
2026_PDA_3487_1,No. EE-III-PDA/NIT/2026-27/10,"Construction of Auditorium Hall at Leimayol Arts Centre, Chingamakha, Imphal west, Manipur. ",Planning and Development Authority,Planning and Development Authority,As Per Tender Document,795001,62280093.0,1245602.0,5000.0,25-Sep-2026 12:00 PM,16-Oct-2026 12:00 PM,16-Oct-2026 04:00 PM,25-Sep-2026 12:00 PM,16-Oct-2026 12:00 PM,2,ACTIVE,False,LIVE_PORTAL
2026_PDA_3486_1,No. EE-III-PDA/NIT/2026-27/9,"Upgradation, Extention and Modernization of the existing Auditorium of Kanglei Mime Theatre Repertory at Langthabal Kunja, Imphal West, Manipur. ",Planning and Development Authority,Planning and Development Authority,As Per Tender Document,795001,52136966.0,1042739.0,5000.0,25-Sep-2026 12:00 PM,16-Oct-2026 12:00 PM,16-Oct-2026 02:00 PM,25-Sep-2026 12:00 PM,16-Oct-2026 12:00 PM,0,ACTIVE,False,LIVE_PORTAL
2026_PDA_3474_1,No. EE-I-PDA/NIT/4/2026-27,"Construction of Heiningshoi Eco-Tourism Park at Imphal West District, Manipur. ",Planning and Development Authority,Planning and Development Authority,As Per Tender Document,795001,224645435.0,3246454.0,5000.0,14-Sep-2026 03:00 PM,06-Oct-2026 12:00 PM,13-Oct-2026 02:00 PM,15-Sep-2026 09:00 AM,06-Oct-2026 12:00 PM,2,ACTIVE,False,LIVE_PORTAL
2026_PWDM1_3503_1,EE/PWD/IW/E-Tender/2026-27/2,Improvement of road from Lamshang (on Imphal Kangchup road) to Koutruk via Phumlou,"PWD,Govt. of Manipur","PWD,Govt. of Manipur",Lamshang,795146,198600000.0,3972000.0,20000.0,01-Oct-2026 03:00 PM,16-Oct-2026 12:00 PM,16-Oct-2026 03:00 PM,01-Oct-2026 03:00 PM,16-Oct-2026 12:00 PM,0,ACTIVE,False,LIVE_PORTAL
2026_PWDM1_3476_1,EE/JD/BID/CRIF/BID/26-27/01,Construction of road from Km 0.000 to Km 32.31 on Jiribam to Manipur Mizoram Border Section via Tipaimukh under ISC Scheme in Manipur ,"PWD,Govt. of Manipur","PWD,Govt. of Manipur",Jiribam,795116,468942401.0,6689424.0,20000.0,14-Sep-2026 06:00 PM,09-Oct-2026 11:30 AM,09-Oct-2026 02:00 PM,14-Sep-2026 06:00 PM,09-Oct-2026 11:30 AM,3,ACTIVE,False,LIVE_PORTAL
2026_SLEE_3475_1,ITI-201/1/2026-LAB and EM-LAB EMPL,Selection of a PMC for the SPMU of the PM-SETU Scheme Manipur.,Skill Labour Employment and Enterprenurship (SLEE),Skill Labour Employment and Enterprenurship (SLEE),As Per Tender Document,795002,100000000.0,2000000.0,15000.0,14-Sep-2026 06:30 PM,05-Oct-2026 12:00 PM,05-Oct-2026 02:00 PM,26-Sep-2026 06:30 PM,05-Oct-2026 12:00 PM,0,ACTIVE,False,LIVE_PORTAL
2026_TCML_3505_1,No. 02/02/2019-TCML(Pt 18),"Operation and Maintainance of Water Amusement Park at Thenguchingjin, Imphal East District Manipur Under Public Private Partnership Mode.",Tourism Corporation of Manipur Limited,Tourism Corporation of Manipur Limited,As Per Tender Document,795001,240000000.0,4800000.0,5000.0,02-Oct-2026 05:00 PM,08-Oct-2026 03:00 PM,09-Oct-2026 03:00 PM,02-Oct-2026 05:00 PM,08-Oct-2026 03:00 PM,0,ACTIVE,False,LIVE_PORTAL
2026_PWDM1_3104_1,EE/PWD/HW-I/2026/08,"Rehabilitation and 2-laning of Imphal-Kangchup-Tamenglong Road (Package-3, Km 35 to Km 52)","PWD,Govt. of Manipur",Chief Engineer - PWD||Superintending Engineer - National Highway||Executive Engineer - HW-I,Tamenglong,795141,485000000.0,9700000.0,25000.0,12-Jan-2026 10:00 AM,02-Feb-2026 03:00 PM,03-Feb-2026 11:00 AM,12-Jan-2026 11:00 AM,02-Feb-2026 03:00 PM,3,AWARDED,False,BENCHMARK
2026_PWDM1_3210_2,EE/PWD/B-II/2026/14,Construction of Multi-Storeyed Administrative Block at Lamphelpat Government Complex,"PWD,Govt. of Manipur",Chief Engineer - PWD||Building Circle||Executive Engineer - Division-II,Imphal West,795004,324000000.0,6480000.0,20000.0,04-Feb-2026 02:00 PM,25-Feb-2026 04:00 PM,26-Feb-2026 11:00 AM,05-Feb-2026 10:00 AM,25-Feb-2026 04:00 PM,1,AWARDED,False,BENCHMARK
2025_PHED_2911_1,CE/PHE/JJM/BPR-42/2025,"Augmentation of Greater Moirang Water Supply Scheme under Jal Jeevan Mission, Bishnupur District",Chief Engineer - Public Health Engineering Department,Chief Engineer - PHED||Superintending Engineer - Urban Circle||Executive Engineer - Bishnupur,"Moirang, Bishnupur",795133,215000000.0,4300000.0,15000.0,10-Nov-2025 11:00 AM,01-Dec-2025 01:00 PM,02-Dec-2025 02:00 PM,11-Nov-2025 10:00 AM,01-Dec-2025 01:00 PM,0,AWARDED,False,BENCHMARK
2025_PHED_2988_3,CE/PHE/RWS/CCPUR/2025/11,"Construction of 5 MLD Rapid Gravity Filtration Plant with River Pumping Station at Tuitha, Churachandpur",Chief Engineer - Public Health Engineering Department,Chief Engineer - PHED||Rural Water Supply Circle||Executive Engineer - Churachandpur,Churachandpur,795128,382000000.0,7640000.0,20000.0,05-Dec-2025 04:00 PM,15-Dec-2025 12:00 PM,16-Dec-2025 02:00 PM,06-Dec-2025 10:00 AM,15-Dec-2025 12:00 PM,4,AWARDED,False,BENCHMARK
2026_MSPDC_3340_1,MSPDCL/ED-IMP/HT-CONV/2026/03,Conversion of Existing 11kV Overhead Lines to Underground Cabling along Kangla-Sanjenthong Corridor,Manipur State Power Distribution Company Limited,Managing Director - MSPDCL||Chief Engineer - Distribution||General Manager - EC-I,Imphal,795001,420000000.0,8400000.0,25000.0,18-Feb-2026 01:00 PM,11-Mar-2026 03:00 PM,12-Mar-2026 03:30 PM,19-Feb-2026 10:00 AM,11-Mar-2026 03:00 PM,1,AWARDED,False,BENCHMARK
2025_MoIT_2801_1,DIT-MAN/SWAN-UPG/2025/07,Bandwidth Upgrade and Security Hardening of Manipur State Wide Area Network (MSWAN) Pop Nodes across 16 Districts,Ministry of Information Technology,Department of IT||Manipur State IT Society (MSITS),"Mantripukhri, Imphal",795002,185000000.0,3700000.0,15000.0,02-Aug-2025 11:30 AM,24-Aug-2025 04:00 PM,25-Aug-2025 11:00 AM,03-Aug-2025 10:00 AM,24-Aug-2025 04:00 PM,1,AWARDED,True,BENCHMARK
2025_MoIT_2650_1,CCML/IT-SEZ/CIVIL-PH1/2025/02,"Construction of Boundary Wall, Peripheral Road and Drainage Network for Manipur IT SEZ Campus, Mantripukhri",Ministry of Information Technology,Department of IT||Cyber Corporation of Manipur Limited (CCML),"Mantripukhri, Imphal",795002,96000000.0,1920000.0,10000.0,15-May-2025 02:00 PM,05-Jun-2025 03:00 PM,06-Jun-2025 03:00 PM,16-May-2025 10:00 AM,05-Jun-2025 03:00 PM,0,AWARDED,True,BENCHMARK
2026_NHM_3115_1,SHS-MAN/MED-SUPPLY/2026/04,Procurement of Advanced Life Support Medical Equipment for District Hospitals in Senapati and Chandel,National Health Mission - Manipur,State Health Society||National Health Mission,Senapati & Chandel,795106,75000000.0,1500000.0,10000.0,14-Mar-2026 10:00 AM,04-Apr-2026 01:00 PM,05-Apr-2026 02:00 PM,15-Mar-2026 10:00 AM,04-Apr-2026 01:00 PM,2,AWARDED,False,BENCHMARK
2026_PDA_3290_1,PDA/TOURISM/LOKTAK-FRONT/2026/01,"Development of Loktak Eco-Tourism Waterfront Promenade & Jetty Facility at Sendra, Bishnupur",Planning and Development Authority,Planning and Development Authority||Engineering Wing,"Sendra, Bishnupur",795133,142000000.0,2840000.0,15000.0,20-May-2026 11:00 AM,10-Jun-2026 04:00 PM,11-Jun-2026 11:00 AM,21-May-2026 10:00 AM,10-Jun-2026 04:00 PM,1,AWARDED,False,BENCHMARK
2026_TAH_3180_1,TAH/HILL-ROADS/UKHRUL/2026/09,"Construction of Inter-Village Connecting All-Weather Road connecting Shirui to Khangkhui, Ukhrul District",Directorate of Tribal Affairs and Hills,Directorate of Tribal Affairs and Hills||Engineering Cell,Ukhrul,795142,165000000.0,3300000.0,15000.0,08-Jun-2026 10:00 AM,29-Jun-2026 02:00 PM,30-Jun-2026 03:00 PM,09-Jun-2026 10:00 AM,29-Jun-2026 02:00 PM,0,AWARDED,False,BENCHMARK
2025_MANIPUR_4001_1,EE/PWD/DIV-1/2025-26,Roads & Bridges Improvement Package - Sector 1 (PWD),"PWD,Govt. of Manipur","PWD,Govt. of Manipur||District Executive Wing",Manipur Districts,795001,398100000.0,7962000.0,25000.0,15-May-2025 10:00 AM,05-Jun-2025 03:00 PM,06-Jun-2025 11:00 AM,16-May-2025 10:00 AM,05-Jun-2025 03:00 PM,3,AWARDED,False,BENCHMARK
2025_MANIPUR_4002_1,EE/PWD/DIV-2/2025-26,Roads & Bridges Improvement Package - Sector 2 (PWD),"PWD,Govt. of Manipur","PWD,Govt. of Manipur||District Executive Wing",Manipur Districts,795001,307550000.0,6151000.0,25000.0,15-May-2025 10:00 AM,05-Jun-2025 03:00 PM,06-Jun-2025 11:00 AM,16-May-2025 10:00 AM,05-Jun-2025 03:00 PM,1,AWARDED,False,BENCHMARK
2025_MANIPUR_4003_1,EE/PWD/DIV-3/2025-26,Roads & Bridges Improvement Package - Sector 3 (PWD),"PWD,Govt. of Manipur","PWD,Govt. of Manipur||District Executive Wing",Manipur Districts,795001,216950000.0,4339000.0,25000.0,15-May-2025 10:00 AM,05-Jun-2025 03:00 PM,06-Jun-2025 11:00 AM,16-May-2025 10:00 AM,05-Jun-2025 03:00 PM,2,AWARDED,False,BENCHMARK
2025_MANIPUR_4004_1,EE/PWD/DIV-4/2025-26,Roads & Bridges Improvement Package - Sector 4 (PWD),"PWD,Govt. of Manipur","PWD,Govt. of Manipur||District Executive Wing",Manipur Districts,795001,396400000.0,7928000.0,25000.0,15-May-2025 10:00 AM,05-Jun-2025 03:00 PM,06-Jun-2025 11:00 AM,16-May-2025 10:00 AM,05-Jun-2025 03:00 PM,0,AWARDED,False,BENCHMARK
2025_MANIPUR_4005_1,EE/PWD/DIV-5/2025-26,Roads & Bridges Improvement Package - Sector 5 (PWD),"PWD,Govt. of Manipur","PWD,Govt. of Manipur||District Executive Wing",Manipur Districts,795001,305800000.0,6116000.0,25000.0,15-May-2025 10:00 AM,05-Jun-2025 03:00 PM,06-Jun-2025 11:00 AM,16-May-2025 10:00 AM,05-Jun-2025 03:00 PM,1,AWARDED,False,BENCHMARK
2025_MANIPUR_4006_1,EE/PWD/DIV-6/2025-26,Roads & Bridges Improvement Package - Sector 6 (PWD),"PWD,Govt. of Manipur","PWD,Govt. of Manipur||District Executive Wing",Manipur Districts,795001,215250000.0,4305000.0,25000.0,15-May-2025 10:00 AM,05-Jun-2025 03:00 PM,06-Jun-2025 11:00 AM,16-May-2025 10:00 AM,05-Jun-2025 03:00 PM,2,AWARDED,False,BENCHMARK
2025_MANIPUR_4007_1,EE/PWD/DIV-7/2025-26,Roads & Bridges Improvement Package - Sector 7 (PWD),"PWD,Govt. of Manipur","PWD,Govt. of Manipur||District Executive Wing",Manipur Districts,795001,394650000.0,7893000.0,25000.0,15-May-2025 10:00 AM,05-Jun-2025 03:00 PM,06-Jun-2025 11:00 AM,16-May-2025 10:00 AM,05-Jun-2025 03:00 PM,0,AWARDED,False,BENCHMARK
2025_MANIPUR_4008_1,EE/PWD/DIV-8/2025-26,Roads & Bridges Improvement Package - Sector 8 (PWD),"PWD,Govt. of Manipur","PWD,Govt. of Manipur||District Executive Wing",Manipur Districts,795001,304100000.0,6082000.0,25000.0,15-May-2025 10:00 AM,05-Jun-2025 03:00 PM,06-Jun-2025 11:00 AM,16-May-2025 10:00 AM,05-Jun-2025 03:00 PM,3,AWARDED,False,BENCHMARK
2025_MANIPUR_4009_1,EE/PWD/DIV-9/2025-26,Roads & Bridges Improvement Package - Sector 9 (PWD),"PWD,Govt. of Manipur","PWD,Govt. of Manipur||District Executive Wing",Manipur Districts,795001,213500000.0,4270000.0,25000.0,15-May-2025 10:00 AM,05-Jun-2025 03:00 PM,06-Jun-2025 11:00 AM,16-May-2025 10:00 AM,05-Jun-2025 03:00 PM,2,AWARDED,False,BENCHMARK
2025_MANIPUR_4010_1,EE/PWD/DIV-10/2025-26,Roads & Bridges Improvement Package - Sector 10 (PWD),"PWD,Govt. of Manipur","PWD,Govt. of Manipur||District Executive Wing",Manipur Districts,795001,392950000.0,7859000.0,25000.0,15-May-2025 10:00 AM,05-Jun-2025 03:00 PM,06-Jun-2025 11:00 AM,16-May-2025 10:00 AM,05-Jun-2025 03:00 PM,0,AWARDED,False,BENCHMARK
2025_MANIPUR_4011_1,EE/PWD/DIV-11/2025-26,Roads & Bridges Improvement Package - Sector 11 (PWD),"PWD,Govt. of Manipur","PWD,Govt. of Manipur||District Executive Wing",Manipur Districts,795001,302350000.0,6047000.0,25000.0,15-May-2025 10:00 AM,05-Jun-2025 03:00 PM,06-Jun-2025 11:00 AM,16-May-2025 10:00 AM,05-Jun-2025 03:00 PM,1,AWARDED,False,BENCHMARK
2025_MANIPUR_4012_1,EE/PWD/DIV-12/2025-26,Roads & Bridges Improvement Package - Sector 12 (PWD),"PWD,Govt. of Manipur","PWD,Govt. of Manipur||District Executive Wing",Manipur Districts,795001,211800000.0,4236000.0,25000.0,15-May-2025 10:00 AM,05-Jun-2025 03:00 PM,06-Jun-2025 11:00 AM,16-May-2025 10:00 AM,05-Jun-2025 03:00 PM,2,AWARDED,False,BENCHMARK
2025_MANIPUR_4013_1,CE/PHE/WTP-1/2025-26,Water Supply Scheme Augmentation & Pipeline - Sector 1 (Chief Engineer ),Chief Engineer - Public Health Engineering Department,Chief Engineer - Public Health Engineering Department||District Executive Wing,Manipur Districts,795001,151200000.0,3024000.0,25000.0,15-May-2025 10:00 AM,05-Jun-2025 03:00 PM,06-Jun-2025 11:00 AM,16-May-2025 10:00 AM,05-Jun-2025 03:00 PM,3,AWARDED,False,BENCHMARK
2025_MANIPUR_4014_1,CE/PHE/WTP-2/2025-26,Water Supply Scheme Augmentation & Pipeline - Sector 2 (Chief Engineer ),Chief Engineer - Public Health Engineering Department,Chief Engineer - Public Health Engineering Department||District Executive Wing,Manipur Districts,795001,330650000.0,6613000.0,25000.0,15-May-2025 10:00 AM,05-Jun-2025 03:00 PM,06-Jun-2025 11:00 AM,16-May-2025 10:00 AM,05-Jun-2025 03:00 PM,1,AWARDED,False,BENCHMARK
2025_MANIPUR_4015_1,CE/PHE/WTP-3/2025-26,Water Supply Scheme Augmentation & Pipeline - Sector 3 (Chief Engineer ),Chief Engineer - Public Health Engineering Department,Chief Engineer - Public Health Engineering Department||District Executive Wing,Manipur Districts,795001,510050000.0,10201000.0,25000.0,15-May-2025 10:00 AM,05-Jun-2025 03:00 PM,06-Jun-2025 11:00 AM,16-May-2025 10:00 AM,05-Jun-2025 03:00 PM,2,AWARDED,False,BENCHMARK
2025_MANIPUR_4016_1,CE/PHE/WTP-4/2025-26,Water Supply Scheme Augmentation & Pipeline - Sector 4 (Chief Engineer ),Chief Engineer - Public Health Engineering Department,Chief Engineer - Public Health Engineering Department||District Executive Wing,Manipur Districts,795001,209500000.0,4190000.0,25000.0,15-May-2025 10:00 AM,05-Jun-2025 03:00 PM,06-Jun-2025 11:00 AM,16-May-2025 10:00 AM,05-Jun-2025 03:00 PM,0,AWARDED,False,BENCHMARK
2025_MANIPUR_4017_1,CE/PHE/WTP-5/2025-26,Water Supply Scheme Augmentation & Pipeline - Sector 5 (Chief Engineer ),Chief Engineer - Public Health Engineering Department,Chief Engineer - Public Health Engineering Department||District Executive Wing,Manipur Districts,795001,388900000.0,7778000.0,25000.0,15-May-2025 10:00 AM,05-Jun-2025 03:00 PM,06-Jun-2025 11:00 AM,16-May-2025 10:00 AM,05-Jun-2025 03:00 PM,1,AWARDED,False,BENCHMARK
2025_MANIPUR_4018_1,CE/PHE/WTP-6/2025-26,Water Supply Scheme Augmentation & Pipeline - Sector 6 (Chief Engineer ),Chief Engineer - Public Health Engineering Department,Chief Engineer - Public Health Engineering Department||District Executive Wing,Manipur Districts,795001,568350000.0,11367000.0,25000.0,15-May-2025 10:00 AM,05-Jun-2025 03:00 PM,06-Jun-2025 11:00 AM,16-May-2025 10:00 AM,05-Jun-2025 03:00 PM,2,AWARDED,False,BENCHMARK
2025_MANIPUR_4019_1,CE/PHE/WTP-7/2025-26,Water Supply Scheme Augmentation & Pipeline - Sector 7 (Chief Engineer ),Chief Engineer - Public Health Engineering Department,Chief Engineer - Public Health Engineering Department||District Executive Wing,Manipur Districts,795001,267750000.0,5355000.0,25000.0,15-May-2025 10:00 AM,05-Jun-2025 03:00 PM,06-Jun-2025 11:00 AM,16-May-2025 10:00 AM,05-Jun-2025 03:00 PM,0,AWARDED,False,BENCHMARK
2025_MANIPUR_4020_1,CE/PHE/WTP-8/2025-26,Water Supply Scheme Augmentation & Pipeline - Sector 8 (Chief Engineer ),Chief Engineer - Public Health Engineering Department,Chief Engineer - Public Health Engineering Department||District Executive Wing,Manipur Districts,795001,447200000.0,8944000.0,25000.0,15-May-2025 10:00 AM,05-Jun-2025 03:00 PM,06-Jun-2025 11:00 AM,16-May-2025 10:00 AM,05-Jun-2025 03:00 PM,3,AWARDED,False,BENCHMARK
2025_MANIPUR_4021_1,CE/PHE/WTP-9/2025-26,Water Supply Scheme Augmentation & Pipeline - Sector 9 (Chief Engineer ),Chief Engineer - Public Health Engineering Department,Chief Engineer - Public Health Engineering Department||District Executive Wing,Manipur Districts,795001,146600000.0,2932000.0,25000.0,15-May-2025 10:00 AM,05-Jun-2025 03:00 PM,06-Jun-2025 11:00 AM,16-May-2025 10:00 AM,05-Jun-2025 03:00 PM,2,AWARDED,False,BENCHMARK
2025_MANIPUR_4022_1,CE/PHE/WTP-10/2025-26,Water Supply Scheme Augmentation & Pipeline - Sector 10 (Chief Engineer ),Chief Engineer - Public Health Engineering Department,Chief Engineer - Public Health Engineering Department||District Executive Wing,Manipur Districts,795001,326050000.0,6521000.0,25000.0,15-May-2025 10:00 AM,05-Jun-2025 03:00 PM,06-Jun-2025 11:00 AM,16-May-2025 10:00 AM,05-Jun-2025 03:00 PM,0,AWARDED,False,BENCHMARK
2025_MANIPUR_4023_1,CE/PHE/WTP-11/2025-26,Water Supply Scheme Augmentation & Pipeline - Sector 11 (Chief Engineer ),Chief Engineer - Public Health Engineering Department,Chief Engineer - Public Health Engineering Department||District Executive Wing,Manipur Districts,795001,505450000.0,10109000.0,25000.0,15-May-2025 10:00 AM,05-Jun-2025 03:00 PM,06-Jun-2025 11:00 AM,16-May-2025 10:00 AM,05-Jun-2025 03:00 PM,1,AWARDED,False,BENCHMARK
2025_MANIPUR_4024_1,CE/PHE/WTP-12/2025-26,Water Supply Scheme Augmentation & Pipeline - Sector 12 (Chief Engineer ),Chief Engineer - Public Health Engineering Department,Chief Engineer - Public Health Engineering Department||District Executive Wing,Manipur Districts,795001,204900000.0,4098000.0,25000.0,15-May-2025 10:00 AM,05-Jun-2025 03:00 PM,06-Jun-2025 11:00 AM,16-May-2025 10:00 AM,05-Jun-2025 03:00 PM,2,AWARDED,False,BENCHMARK
2025_MANIPUR_4025_1,CE/PHE/WTP-13/2025-26,Water Supply Scheme Augmentation & Pipeline - Sector 13 (Chief Engineer ),Chief Engineer - Public Health Engineering Department,Chief Engineer - Public Health Engineering Department||District Executive Wing,Manipur Districts,795001,384300000.0,7686000.0,25000.0,15-May-2025 10:00 AM,05-Jun-2025 03:00 PM,06-Jun-2025 11:00 AM,16-May-2025 10:00 AM,05-Jun-2025 03:00 PM,0,AWARDED,False,BENCHMARK
2025_MANIPUR_4026_1,CE/PHE/WTP-14/2025-26,Water Supply Scheme Augmentation & Pipeline - Sector 14 (Chief Engineer ),Chief Engineer - Public Health Engineering Department,Chief Engineer - Public Health Engineering Department||District Executive Wing,Manipur Districts,795001,563750000.0,11275000.0,25000.0,15-May-2025 10:00 AM,05-Jun-2025 03:00 PM,06-Jun-2025 11:00 AM,16-May-2025 10:00 AM,05-Jun-2025 03:00 PM,1,AWARDED,False,BENCHMARK
2025_MANIPUR_4027_1,MSPDCL/EC-1/2025-26,Substation Modernization & Transformer Installation - Sector 1 (Manipur State P),Manipur State Power Distribution Company Limited,Manipur State Power Distribution Company Limited||District Executive Wing,Manipur Districts,795001,103150000.0,2063000.0,25000.0,15-May-2025 10:00 AM,05-Jun-2025 03:00 PM,06-Jun-2025 11:00 AM,16-May-2025 10:00 AM,05-Jun-2025 03:00 PM,3,AWARDED,False,BENCHMARK
2025_MANIPUR_4028_1,MSPDCL/EC-2/2025-26,Substation Modernization & Transformer Installation - Sector 2 (Manipur State P),Manipur State Power Distribution Company Limited,Manipur State Power Distribution Company Limited||District Executive Wing,Manipur Districts,795001,282600000.0,5652000.0,25000.0,15-May-2025 10:00 AM,05-Jun-2025 03:00 PM,06-Jun-2025 11:00 AM,16-May-2025 10:00 AM,05-Jun-2025 03:00 PM,1,AWARDED,False,BENCHMARK
2025_MANIPUR_4029_1,MSPDCL/EC-3/2025-26,Substation Modernization & Transformer Installation - Sector 3 (Manipur State P),Manipur State Power Distribution Company Limited,Manipur State Power Distribution Company Limited||District Executive Wing,Manipur Districts,795001,192000000.0,3840000.0,25000.0,15-May-2025 10:00 AM,05-Jun-2025 03:00 PM,06-Jun-2025 11:00 AM,16-May-2025 10:00 AM,05-Jun-2025 03:00 PM,2,AWARDED,False,BENCHMARK
2025_MANIPUR_4030_1,MSPDCL/EC-4/2025-26,Substation Modernization & Transformer Installation - Sector 4 (Manipur State P),Manipur State Power Distribution Company Limited,Manipur State Power Distribution Company Limited||District Executive Wing,Manipur Districts,795001,101450000.0,2029000.0,25000.0,15-May-2025 10:00 AM,05-Jun-2025 03:00 PM,06-Jun-2025 11:00 AM,16-May-2025 10:00 AM,05-Jun-2025 03:00 PM,0,AWARDED,False,BENCHMARK
2025_MANIPUR_4031_1,MSPDCL/EC-5/2025-26,Substation Modernization & Transformer Installation - Sector 5 (Manipur State P),Manipur State Power Distribution Company Limited,Manipur State Power Distribution Company Limited||District Executive Wing,Manipur Districts,795001,280850000.0,5617000.0,25000.0,15-May-2025 10:00 AM,05-Jun-2025 03:00 PM,06-Jun-2025 11:00 AM,16-May-2025 10:00 AM,05-Jun-2025 03:00 PM,1,AWARDED,False,BENCHMARK
2025_MANIPUR_4032_1,MSPDCL/EC-6/2025-26,Substation Modernization & Transformer Installation - Sector 6 (Manipur State P),Manipur State Power Distribution Company Limited,Manipur State Power Distribution Company Limited||District Executive Wing,Manipur Districts,795001,190300000.0,3806000.0,25000.0,15-May-2025 10:00 AM,05-Jun-2025 03:00 PM,06-Jun-2025 11:00 AM,16-May-2025 10:00 AM,05-Jun-2025 03:00 PM,2,AWARDED,False,BENCHMARK
2025_MANIPUR_4033_1,MSPDCL/EC-7/2025-26,Substation Modernization & Transformer Installation - Sector 7 (Manipur State P),Manipur State Power Distribution Company Limited,Manipur State Power Distribution Company Limited||District Executive Wing,Manipur Districts,795001,99700000.0,1994000.0,10000.0,15-May-2025 10:00 AM,05-Jun-2025 03:00 PM,06-Jun-2025 11:00 AM,16-May-2025 10:00 AM,05-Jun-2025 03:00 PM,0,AWARDED,False,BENCHMARK
2025_MANIPUR_4034_1,MSPDCL/EC-8/2025-26,Substation Modernization & Transformer Installation - Sector 8 (Manipur State P),Manipur State Power Distribution Company Limited,Manipur State Power Distribution Company Limited||District Executive Wing,Manipur Districts,795001,279150000.0,5583000.0,25000.0,15-May-2025 10:00 AM,05-Jun-2025 03:00 PM,06-Jun-2025 11:00 AM,16-May-2025 10:00 AM,05-Jun-2025 03:00 PM,3,AWARDED,False,BENCHMARK
2025_MANIPUR_4035_1,FDM/CONSERV-1/2025-26,Catchment Area Plantation & Eco-Restoration - Sector 1 (Forest Departme),Forest Department,Forest Department||District Executive Wing,Manipur Districts,795001,13550000.0,271000.0,10000.0,15-May-2025 10:00 AM,05-Jun-2025 03:00 PM,06-Jun-2025 11:00 AM,16-May-2025 10:00 AM,05-Jun-2025 03:00 PM,3,AWARDED,False,BENCHMARK
2025_MANIPUR_4036_1,FDM/CONSERV-2/2025-26,Catchment Area Plantation & Eco-Restoration - Sector 2 (Forest Departme),Forest Department,Forest Department||District Executive Wing,Manipur Districts,795001,13000000.0,260000.0,10000.0,15-May-2025 10:00 AM,05-Jun-2025 03:00 PM,06-Jun-2025 11:00 AM,16-May-2025 10:00 AM,05-Jun-2025 03:00 PM,1,AWARDED,False,BENCHMARK
2025_MANIPUR_4037_1,FDM/CONSERV-3/2025-26,Catchment Area Plantation & Eco-Restoration - Sector 3 (Forest Departme),Forest Department,Forest Department||District Executive Wing,Manipur Districts,795001,12400000.0,248000.0,10000.0,15-May-2025 10:00 AM,05-Jun-2025 03:00 PM,06-Jun-2025 11:00 AM,16-May-2025 10:00 AM,05-Jun-2025 03:00 PM,2,AWARDED,False,BENCHMARK
2025_MANIPUR_4038_1,FDM/CONSERV-4/2025-26,Catchment Area Plantation & Eco-Restoration - Sector 4 (Forest Departme),Forest Department,Forest Department||District Executive Wing,Manipur Districts,795001,11850000.0,237000.0,10000.0,15-May-2025 10:00 AM,05-Jun-2025 03:00 PM,06-Jun-2025 11:00 AM,16-May-2025 10:00 AM,05-Jun-2025 03:00 PM,0,AWARDED,False,BENCHMARK
2025_MANIPUR_4039_1,FDM/CONSERV-5/2025-26,Catchment Area Plantation & Eco-Restoration - Sector 5 (Forest Departme),Forest Department,Forest Department||District Executive Wing,Manipur Districts,795001,11250000.0,225000.0,10000.0,15-May-2025 10:00 AM,05-Jun-2025 03:00 PM,06-Jun-2025 11:00 AM,16-May-2025 10:00 AM,05-Jun-2025 03:00 PM,1,AWARDED,False,BENCHMARK
2025_MANIPUR_4040_1,FDM/CONSERV-6/2025-26,Catchment Area Plantation & Eco-Restoration - Sector 6 (Forest Departme),Forest Department,Forest Department||District Executive Wing,Manipur Districts,795001,10700000.0,214000.0,10000.0,15-May-2025 10:00 AM,05-Jun-2025 03:00 PM,06-Jun-2025 11:00 AM,16-May-2025 10:00 AM,05-Jun-2025 03:00 PM,2,AWARDED,False,BENCHMARK
2025_MANIPUR_4041_1,PDA/URBAN-1/2025-26,Urban Infrastructure & Public Facility Development - Sector 1 (Planning and De),Planning and Development Authority,Planning and Development Authority||District Executive Wing,Manipur Districts,795001,85100000.0,1702000.0,10000.0,15-May-2025 10:00 AM,05-Jun-2025 03:00 PM,06-Jun-2025 11:00 AM,16-May-2025 10:00 AM,05-Jun-2025 03:00 PM,3,AWARDED,False,BENCHMARK
2025_MANIPUR_4042_1,PDA/URBAN-2/2025-26,Urban Infrastructure & Public Facility Development - Sector 2 (Planning and De),Planning and Development Authority,Planning and Development Authority||District Executive Wing,Manipur Districts,795001,44550000.0,891000.0,10000.0,15-May-2025 10:00 AM,05-Jun-2025 03:00 PM,06-Jun-2025 11:00 AM,16-May-2025 10:00 AM,05-Jun-2025 03:00 PM,1,AWARDED,False,BENCHMARK
2025_MANIPUR_4043_1,PDA/URBAN-3/2025-26,Urban Infrastructure & Public Facility Development - Sector 3 (Planning and De),Planning and Development Authority,Planning and Development Authority||District Executive Wing,Manipur Districts,795001,113950000.0,2279000.0,25000.0,15-May-2025 10:00 AM,05-Jun-2025 03:00 PM,06-Jun-2025 11:00 AM,16-May-2025 10:00 AM,05-Jun-2025 03:00 PM,2,AWARDED,False,BENCHMARK
2025_MANIPUR_4044_1,PDA/URBAN-4/2025-26,Urban Infrastructure & Public Facility Development - Sector 4 (Planning and De),Planning and Development Authority,Planning and Development Authority||District Executive Wing,Manipur Districts,795001,73400000.0,1468000.0,10000.0,15-May-2025 10:00 AM,05-Jun-2025 03:00 PM,06-Jun-2025 11:00 AM,16-May-2025 10:00 AM,05-Jun-2025 03:00 PM,0,AWARDED,False,BENCHMARK
2025_MANIPUR_4045_1,PDA/URBAN-5/2025-26,Urban Infrastructure & Public Facility Development - Sector 5 (Planning and De),Planning and Development Authority,Planning and Development Authority||District Executive Wing,Manipur Districts,795001,142800000.0,2856000.0,25000.0,15-May-2025 10:00 AM,05-Jun-2025 03:00 PM,06-Jun-2025 11:00 AM,16-May-2025 10:00 AM,05-Jun-2025 03:00 PM,1,AWARDED,False,BENCHMARK
